tick,day,hour,S_susceptible,I_total_infect,new_infect,R_total_recov,new_recov
0,0,0,3990,10,10,0,0
1,0,1,3989,11,1,0,0
2,0,2,3989,11,0,0,0
3,0,3,3989,11,0,0,0
4,0,4,3989,11,0,0,0
5,0,5,3988,12,1,0,0
6,0,6,3988,12,0,0,0
7,0,7,3988,12,0,0,0
8,0,8,3988,12,0,0,0
9,0,9,3988,12,0,0,0
10,0,10,3988,12,0,0,0
11,0,11,3988,12,0,0,0
12,0,12,3988,12,0,0,0
13,0,13,3988,12,0,0,0
14,0,14,3987,13,1,0,0
15,0,15,3986,14,1,0,0
16,0,16,3985,14,1,1,1
17,0,17,3985,14,0,1,0
18,0,18,3985,14,0,1,0
19,0,19,3984,15,1,1,0
20,0,20,3984,15,0,1,0
21,0,21,3984,15,0,1,0
22,0,22,3983,16,1,1,0
23,0,23,3982,17,1,1,0
24,1,0,3982,17,0,1,0
25,1,1,3982,17,0,1,0
26,1,2,3982,17,0,1,0
27,1,3,3981,18,1,1,0
28,1,4,3981,18,0,1,0
29,1,5,3980,19,1,1,0
30,1,6,3979,20,1,1,0
31,1,7,3979,20,0,1,0
32,1,8,3979,20,0,1,0
33,1,9,3978,21,1,1,0
34,1,10,3977,22,1,1,0
35,1,11,3977,22,0,1,0
36,1,12,3977,22,0,1,0
37,1,13,3975,24,2,1,0
38,1,14,3975,24,0,1,0
39,1,15,3973,26,2,1,0
40,1,16,3973,26,0,1,0
41,1,17,3972,26,1,2,1
42,1,18,3971,27,1,2,0
43,1,19,3971,27,0,2,0
44,1,20,3968,30,3,2,0
45,1,21,3967,29,1,4,2
46,1,22,3966,30,1,4,0
47,1,23,3966,29,0,5,1
48,2,0,3966,29,0,5,0
49,2,1,3965,30,1,5,0
50,2,2,3965,30,0,5,0
51,2,3,3964,31,1,5,0
52,2,4,3962,33,2,5,0
53,2,5,3962,33,0,5,0
54,2,6,3962,33,0,5,0
55,2,7,3961,34,1,5,0
56,2,8,3961,34,0,5,0
57,2,9,3961,33,0,6,1
58,2,10,3960,33,1,7,1
59,2,11,3959,34,1,7,0
60,2,12,3959,34,0,7,0
61,2,13,3958,34,1,8,1
62,2,14,3958,34,0,8,0
63,2,15,3955,37,3,8,0
64,2,16,3954,38,1,8,0
65,2,17,3954,38,0,8,0
66,2,18,3953,39,1,8,0
67,2,19,3953,39,0,8,0
68,2,20,3952,40,1,8,0
69,2,21,3952,40,0,8,0
70,2,22,3949,43,3,8,0
71,2,23,3949,43,0,8,0
72,3,0,3949,42,0,9,1
73,3,1,3949,42,0,9,0
74,3,2,3947,44,2,9,0
75,3,3,3946,45,1,9,0
76,3,4,3946,45,0,9,0
77,3,5,3946,45,0,9,0
78,3,6,3945,45,1,10,1
79,3,7,3944,46,1,10,0
80,3,8,3937,53,7,10,0
81,3,9,3936,54,1,10,0
82,3,10,3935,55,1,10,0
83,3,11,3935,55,0,10,0
84,3,12,3935,55,0,10,0
85,3,13,3934,56,1,10,0
86,3,14,3932,58,2,10,0
87,3,15,3932,57,0,11,1
88,3,16,3932,56,0,12,1
89,3,17,3931,56,1,13,1
90,3,18,3931,56,0,13,0
91,3,19,3929,58,2,13,0
92,3,20,3928,58,1,14,1
93,3,21,3928,58,0,14,0
94,3,22,3926,60,2,14,0
95,3,23,3926,59,0,15,1
96,4,0,3925,60,1,15,0
97,4,1,3923,62,2,15,0
98,4,2,3923,62,0,15,0
99,4,3,3922,63,1,15,0
100,4,4,3921,64,1,15,0
101,4,5,3918,67,3,15,0
102,4,6,3916,69,2,15,0
103,4,7,3914,71,2,15,0
104,4,8,3913,71,1,16,1
105,4,9,3913,71,0,16,0
106,4,10,3912,72,1,16,0
107,4,11,3911,72,1,17,1
108,4,12,3911,72,0,17,0
109,4,13,3907,75,4,18,1
110,4,14,3904,77,3,19,1
111,4,15,3904,77,0,19,0
112,4,16,3902,79,2,19,0
113,4,17,3900,81,2,19,0
114,4,18,3899,82,1,19,0
115,4,19,3898,83,1,19,0
116,4,20,3898,82,0,20,1
117,4,21,3898,82,0,20,0
118,4,22,3898,82,0,20,0
119,4,23,3897,82,1,21,1
120,5,0,3895,84,2,21,0
121,5,1,3892,87,3,21,0
122,5,2,3891,88,1,21,0
123,5,3,3890,89,1,21,0
124,5,4,3888,91,2,21,0
125,5,5,3885,94,3,21,0
126,5,6,3884,95,1,21,0
127,5,7,3881,98,3,21,0
128,5,8,3878,100,3,22,1
129,5,9,3876,100,2,24,2
130,5,10,3876,100,0,24,0
131,5,11,3874,101,2,25,1
132,5,12,3872,102,2,26,1
133,5,13,3870,104,2,26,0
134,5,14,3867,106,3,27,1
135,5,15,3866,107,1,27,0
136,5,16,3866,107,0,27,0
137,5,17,3863,110,3,27,0
138,5,18,3862,110,1,28,1
139,5,19,3862,109,0,29,1
140,5,20,3861,107,1,32,3
141,5,21,3859,108,2,33,1
142,5,22,3859,108,0,33,0
143,5,23,3858,109,1,33,0
144,6,0,3858,109,0,33,0
145,6,1,3855,112,3,33,0
146,6,2,3851,116,4,33,0
147,6,3,3850,117,1,33,0
148,6,4,3849,118,1,33,0
149,6,5,3845,122,4,33,0
150,6,6,3844,123,1,33,0
151,6,7,3841,125,3,34,1
152,6,8,3840,126,1,34,0
153,6,9,3837,129,3,34,0
154,6,10,3834,132,3,34,0
155,6,11,3832,133,2,35,1
156,6,12,3829,136,3,35,0
157,6,13,3826,139,3,35,0
158,6,14,3826,138,0,36,1
159,6,15,3823,140,3,37,1
160,6,16,3822,141,1,37,0
161,6,17,3818,143,4,39,2
162,6,18,3814,146,4,40,1
163,6,19,3811,149,3,40,0
164,6,20,3807,151,4,42,2
165,6,21,3804,154,3,42,0
166,6,22,3801,157,3,42,0
167,6,23,3798,160,3,42,0
168,7,0,3795,161,3,44,2
169,7,1,3791,165,4,44,0
170,7,2,3786,170,5,44,0
171,7,3,3784,172,2,44,0
172,7,4,3783,172,1,45,1
173,7,5,3780,175,3,45,0
174,7,6,3778,176,2,46,1
175,7,7,3776,177,2,47,1
176,7,8,3772,180,4,48,1
177,7,9,3771,179,1,50,2
178,7,10,3768,182,3,50,0
179,7,11,3766,184,2,50,0
180,7,12,3763,187,3,50,0
181,7,13,3760,189,3,51,1
182,7,14,3759,190,1,51,0
183,7,15,3753,194,6,53,2
184,7,16,3748,199,5,53,0
185,7,17,3744,203,4,53,0
186,7,18,3738,207,6,55,2
187,7,19,3734,208,4,58,3
188,7,20,3730,212,4,58,0
189,7,21,3729,213,1,58,0
190,7,22,3726,216,3,58,0
191,7,23,3718,222,8,60,2
192,8,0,3715,222,3,63,3
193,8,1,3712,224,3,64,1
194,8,2,3705,228,7,67,3
195,8,3,3703,230,2,67,0
196,8,4,3696,237,7,67,0
197,8,5,3692,241,4,67,0
198,8,6,3688,244,4,68,1
199,8,7,3679,252,9,69,1
200,8,8,3674,257,5,69,0
201,8,9,3668,262,6,70,1
202,8,10,3663,265,5,72,2
203,8,11,3659,269,4,72,0
204,8,12,3656,272,3,72,0
205,8,13,3654,273,2,73,1
206,8,14,3651,272,3,77,4
207,8,15,3647,275,4,78,1
208,8,16,3642,280,5,78,0
209,8,17,3640,281,2,79,1
210,8,18,3636,282,4,82,3
211,8,19,3631,286,5,83,1
212,8,20,3624,293,7,83,0
213,8,21,3617,298,7,85,2
214,8,22,3613,301,4,86,1
215,8,23,3610,301,3,89,3
216,9,0,3605,304,5,91,2
217,9,1,3598,311,7,91,0
218,9,2,3594,314,4,92,1
219,9,3,3582,326,12,92,0
220,9,4,3575,333,7,92,0
221,9,5,3574,334,1,92,0
222,9,6,3571,335,3,94,2
223,9,7,3568,338,3,94,0
224,9,8,3565,339,3,96,2
225,9,9,3563,341,2,96,0
226,9,10,3553,347,10,100,4
227,9,11,3548,351,5,101,1
228,9,12,3540,358,8,102,1
229,9,13,3535,361,5,104,2
230,9,14,3530,364,5,106,2
231,9,15,3525,369,5,106,0
232,9,16,3515,378,10,107,1
233,9,17,3507,386,8,107,0
234,9,18,3497,393,10,110,3
235,9,19,3490,399,7,111,1
236,9,20,3485,401,5,114,3
237,9,21,3479,407,6,114,0
238,9,22,3473,410,6,117,3
239,9,23,3463,415,10,122,5
240,10,0,3458,420,5,122,0
241,10,1,3452,423,6,125,3
242,10,2,3445,428,7,127,2
243,10,3,3438,433,7,129,2
244,10,4,3432,435,6,133,4
245,10,5,3423,444,9,133,0
246,10,6,3415,449,8,136,3
247,10,7,3408,452,7,140,4
248,10,8,3404,452,4,144,4
249,10,9,3399,455,5,146,2
250,10,10,3391,462,8,147,1
251,10,11,3380,472,11,148,1
252,10,12,3374,476,6,150,2
253,10,13,3365,481,9,154,4
254,10,14,3356,489,9,155,1
255,10,15,3346,496,10,158,3
256,10,16,3337,501,9,162,4
257,10,17,3328,508,9,164,2
258,10,18,3323,511,5,166,2
259,10,19,3312,519,11,169,3
260,10,20,3305,522,7,173,4
261,10,21,3299,525,6,176,3
262,10,22,3295,528,4,177,1
263,10,23,3286,536,9,178,1
264,11,0,3273,549,13,178,0
265,11,1,3265,554,8,181,3
266,11,2,3256,560,9,184,3
267,11,3,3248,566,8,186,2
268,11,4,3235,576,13,189,3
269,11,5,3228,579,7,193,4
270,11,6,3219,586,9,195,2
271,11,7,3207,596,12,197,2
272,11,8,3201,601,6,198,1
273,11,9,3188,613,13,199,1
274,11,10,3178,623,10,199,0
275,11,11,3163,638,15,199,0
276,11,12,3152,645,11,203,4
277,11,13,3145,650,7,205,2
278,11,14,3136,656,9,208,3
279,11,15,3124,664,12,212,4
280,11,16,3118,666,6,216,4
281,11,17,3108,671,10,221,5
282,11,18,3098,674,10,228,7
283,11,19,3084,685,14,231,3
284,11,20,3068,695,16,237,6
285,11,21,3060,702,8,238,1
286,11,22,3051,710,9,239,1
287,11,23,3042,717,9,241,2
288,12,0,3030,726,12,244,3
289,12,1,3018,734,12,248,4
290,12,2,3006,746,12,248,0
291,12,3,2992,757,14,251,3
292,12,4,2980,767,12,253,2
293,12,5,2965,779,15,256,3
294,12,6,2951,787,14,262,6
295,12,7,2933,803,18,264,2
296,12,8,2920,815,13,265,1
297,12,9,2914,818,6,268,3
298,12,10,2902,828,12,270,2
299,12,11,2890,837,12,273,3
300,12,12,2878,846,12,276,3
301,12,13,2859,862,19,279,3
302,12,14,2847,870,12,283,4
303,12,15,2827,887,20,286,3
304,12,16,2818,890,9,292,6
305,12,17,2806,895,12,299,7
306,12,18,2798,899,8,303,4
307,12,19,2778,916,20,306,3
308,12,20,2765,926,13,309,3
309,12,21,2745,945,20,310,1
310,12,22,2736,954,9,310,0
311,12,23,2726,958,10,316,6
312,13,0,2711,971,15,318,2
313,13,1,2692,988,19,320,2
314,13,2,2682,994,10,324,4
315,13,3,2666,1005,16,329,5
316,13,4,2653,1013,13,334,5
317,13,5,2639,1021,14,340,6
318,13,6,2621,1036,18,343,3
319,13,7,2605,1046,16,349,6
320,13,8,2593,1055,12,352,3
321,13,9,2574,1072,19,354,2
322,13,10,2555,1089,19,356,2
323,13,11,2539,1101,16,360,4
324,13,12,2524,1112,15,364,4
325,13,13,2511,1121,13,368,4
326,13,14,2493,1135,18,372,4
327,13,15,2473,1151,20,376,4
328,13,16,2463,1157,10,380,4
329,13,17,2448,1170,15,382,2
330,13,18,2431,1185,17,384,2
331,13,19,2417,1195,14,388,4
332,13,20,2404,1199,13,397,9
333,13,21,2393,1203,11,404,7
334,13,22,2374,1219,19,407,3
335,13,23,2352,1240,22,408,1
336,14,0,2346,1242,6,412,4
337,14,1,2327,1257,19,416,4
338,14,2,2316,1263,11,421,5
339,14,3,2304,1267,12,429,8
340,14,4,2285,1282,19,433,4
341,14,5,2260,1305,25,435,2
342,14,6,2248,1309,12,443,8
343,14,7,2228,1325,20,447,4
344,14,8,2213,1337,15,450,3
345,14,9,2198,1341,15,461,11
346,14,10,2185,1349,13,466,5
347,14,11,2167,1366,18,467,1
348,14,12,2155,1375,12,470,3
349,14,13,2138,1386,17,476,6
350,14,14,2119,1401,19,480,4
351,14,15,2099,1416,20,485,5
352,14,16,2093,1419,6,488,3
353,14,17,2082,1425,11,493,5
354,14,18,2064,1438,18,498,5
355,14,19,2049,1447,15,504,6
356,14,20,2038,1451,11,511,7
357,14,21,2020,1459,18,521,10
358,14,22,2001,1472,19,527,6
359,14,23,1993,1476,8,531,4
360,15,0,1979,1484,14,537,6
361,15,1,1970,1486,9,544,7
362,15,2,1953,1496,17,551,7
363,15,3,1939,1506,14,555,4
364,15,4,1922,1519,17,559,4
365,15,5,1907,1531,15,562,3
366,15,6,1891,1543,16,566,4
367,15,7,1878,1546,13,576,10
368,15,8,1867,1547,11,586,10
369,15,9,1852,1558,15,590,4
370,15,10,1833,1570,19,597,7
371,15,11,1818,1583,15,599,2
372,15,12,1802,1591,16,607,8
373,15,13,1788,1597,14,615,8
374,15,14,1773,1601,15,626,11
375,15,15,1767,1598,6,635,9
376,15,16,1753,1605,14,642,7
377,15,17,1736,1620,17,644,2
378,15,18,1718,1631,18,651,7
379,15,19,1694,1647,24,659,8
380,15,20,1678,1661,16,661,2
381,15,21,1664,1667,14,669,8
382,15,22,1648,1674,16,678,9
383,15,23,1626,1689,22,685,7
384,16,0,1609,1700,17,691,6
385,16,1,1593,1711,16,696,5
386,16,2,1577,1721,16,702,6
387,16,3,1564,1726,13,710,8
388,16,4,1543,1743,21,714,4
389,16,5,1534,1742,9,724,10
390,16,6,1524,1745,10,731,7
391,16,7,1504,1758,20,738,7
392,16,8,1488,1763,16,749,11
393,16,9,1477,1767,11,756,7
394,16,10,1469,1769,8,762,6
395,16,11,1451,1782,18,767,5
396,16,12,1435,1786,16,779,12
397,16,13,1421,1792,14,787,8
398,16,14,1412,1797,9,791,4
399,16,15,1390,1813,22,797,6
400,16,16,1381,1819,9,800,3
401,16,17,1370,1825,11,805,5
402,16,18,1360,1829,10,811,6
403,16,19,1349,1829,11,822,11
404,16,20,1341,1830,8,829,7
405,16,21,1330,1835,11,835,6
406,16,22,1315,1845,15,840,5
407,16,23,1300,1851,15,849,9
408,17,0,1287,1857,13,856,7
409,17,1,1272,1868,15,860,4
410,17,2,1264,1868,8,868,8
411,17,3,1248,1876,16,876,8
412,17,4,1240,1873,8,887,11
413,17,5,1225,1882,15,893,6
414,17,6,1207,1896,18,897,4
415,17,7,1196,1900,11,904,7
416,17,8,1186,1906,10,908,4
417,17,9,1176,1908,10,916,8
418,17,10,1163,1915,13,922,6
419,17,11,1143,1927,20,930,8
420,17,12,1129,1930,14,941,11
421,17,13,1123,1927,6,950,9
422,17,14,1114,1932,9,954,4
423,17,15,1103,1934,11,963,9
424,17,16,1095,1935,8,970,7
425,17,17,1089,1937,6,974,4
426,17,18,1078,1935,11,987,13
427,17,19,1064,1940,14,996,9
428,17,20,1055,1944,9,1001,5
429,17,21,1044,1950,11,1006,5
430,17,22,1033,1951,11,1016,10
431,17,23,1023,1953,10,1024,8
432,18,0,1013,1955,10,1032,8
433,18,1,998,1964,15,1038,6
434,18,2,990,1960,8,1050,12
435,18,3,977,1965,13,1058,8
436,18,4,973,1959,4,1068,10
437,18,5,956,1969,17,1075,7
438,18,6,945,1965,11,1090,15
439,18,7,935,1966,10,1099,9
440,18,8,924,1969,11,1107,8
441,18,9,921,1967,3,1112,5
442,18,10,912,1968,9,1120,8
443,18,11,899,1977,13,1124,4
444,18,12,890,1978,9,1132,8
445,18,13,877,1979,13,1144,12
446,18,14,871,1974,6,1155,11
447,18,15,867,1972,4,1161,6
448,18,16,859,1969,8,1172,11
449,18,17,852,1970,7,1178,6
450,18,18,845,1968,7,1187,9
451,18,19,831,1978,14,1191,4
452,18,20,825,1977,6,1198,7
453,18,21,815,1978,10,1207,9
454,18,22,811,1974,4,1215,8
455,18,23,801,1979,10,1220,5
456,19,0,793,1979,8,1228,8
457,19,1,784,1981,9,1235,7
458,19,2,779,1980,5,1241,6
459,19,3,769,1981,10,1250,9
460,19,4,754,1990,15,1256,6
461,19,5,747,1987,7,1266,10
462,19,6,740,1990,7,1270,4
463,19,7,732,1988,8,1280,10
464,19,8,723,1984,9,1293,13
465,19,9,713,1984,10,1303,10
466,19,10,708,1982,5,1310,7
467,19,11,697,1983,11,1320,10
468,19,12,690,1979,7,1331,11
469,19,13,681,1982,9,1337,6
470,19,14,676,1982,5,1342,5
471,19,15,663,1986,13,1351,9
472,19,16,653,1991,10,1356,5
473,19,17,644,1992,9,1364,8
474,19,18,634,1999,10,1367,3
475,19,19,628,1994,6,1378,11
476,19,20,626,1988,2,1386,8
477,19,21,618,1985,8,1397,11
478,19,22,614,1977,4,1409,12
479,19,23,607,1978,7,1415,6
480,20,0,604,1970,3,1426,11
481,20,1,598,1967,6,1435,9
482,20,2,589,1968,9,1443,8
483,20,3,585,1961,4,1454,11
484,20,4,581,1954,4,1465,11
485,20,5,576,1954,5,1470,5
486,20,6,570,1953,6,1477,7
487,20,7,561,1948,9,1491,14
488,20,8,554,1939,7,1507,16
489,20,9,550,1938,4,1512,5
490,20,10,542,1943,8,1515,3
491,20,11,535,1944,7,1521,6
492,20,12,530,1940,5,1530,9
493,20,13,528,1924,2,1548,18
494,20,14,518,1927,10,1555,7
495,20,15,515,1924,3,1561,6
496,20,16,508,1923,7,1569,8
497,20,17,496,1925,12,1579,10
498,20,18,486,1928,10,1586,7
499,20,19,480,1927,6,1593,7
500,20,20,477,1916,3,1607,14
501,20,21,476,1905,1,1619,12
502,20,22,468,1908,8,1624,5
503,20,23,467,1899,1,1634,10
504,21,0,461,1901,6,1638,4
505,21,1,454,1896,7,1650,12
506,21,2,453,1887,1,1660,10
507,21,3,450,1885,3,1665,5
508,21,4,447,1881,3,1672,7
509,21,5,439,1871,8,1690,18
510,21,6,433,1868,6,1699,9
511,21,7,429,1866,4,1705,6
512,21,8,425,1863,4,1712,7
513,21,9,421,1856,4,1723,11
514,21,10,415,1852,6,1733,10
515,21,11,411,1846,4,1743,10
516,21,12,409,1837,2,1754,11
517,21,13,402,1834,7,1764,10
518,21,14,397,1828,5,1775,11
519,21,15,389,1825,8,1786,11
520,21,16,385,1825,4,1790,4
521,21,17,384,1818,1,1798,8
522,21,18,381,1814,3,1805,7
523,21,19,380,1809,1,1811,6
524,21,20,378,1803,2,1819,8
525,21,21,372,1799,6,1829,10
526,21,22,364,1799,8,1837,8
527,21,23,359,1800,5,1841,4
528,22,0,353,1800,6,1847,6
529,22,1,350,1797,3,1853,6
530,22,2,347,1795,3,1858,5
531,22,3,344,1789,3,1867,9
532,22,4,343,1784,1,1873,6
533,22,5,340,1779,3,1881,8
534,22,6,336,1775,4,1889,8
535,22,7,332,1776,4,1892,3
536,22,8,325,1776,7,1899,7
537,22,9,325,1768,0,1907,8
538,22,10,322,1761,3,1917,10
539,22,11,319,1756,3,1925,8
540,22,12,316,1753,3,1931,6
541,22,13,315,1752,1,1933,2
542,22,14,310,1750,5,1940,7
543,22,15,308,1748,2,1944,4
544,22,16,305,1747,3,1948,4
545,22,17,301,1744,4,1955,7
546,22,18,300,1740,1,1960,5
547,22,19,297,1737,3,1966,6
548,22,20,296,1730,1,1974,8
549,22,21,292,1728,4,1980,6
550,22,22,291,1721,1,1988,8
551,22,23,287,1718,4,1995,7
552,23,0,283,1719,4,1998,3
553,23,1,282,1717,1,2001,3
554,23,2,276,1716,6,2008,7
555,23,3,275,1711,1,2014,6
556,23,4,272,1703,3,2025,11
557,23,5,271,1699,1,2030,5
558,23,6,268,1696,3,2036,6
559,23,7,263,1697,5,2040,4
560,23,8,262,1689,1,2049,9
561,23,9,260,1685,2,2055,6
562,23,10,259,1680,1,2061,6
563,23,11,258,1677,1,2065,4
564,23,12,256,1670,2,2074,9
565,23,13,254,1670,2,2076,2
566,23,14,251,1668,3,2081,5
567,23,15,249,1661,2,2090,9
568,23,16,248,1654,1,2098,8
569,23,17,247,1645,1,2108,10
570,23,18,247,1637,0,2116,8
571,23,19,243,1631,4,2126,10
572,23,20,240,1630,3,2130,4
573,23,21,240,1622,0,2138,8
574,23,22,239,1613,1,2148,10
575,23,23,238,1607,1,2155,7
576,24,0,237,1605,1,2158,3
577,24,1,234,1605,3,2161,3
578,24,2,231,1604,3,2165,4
579,24,3,229,1599,2,2172,7
580,24,4,226,1592,3,2182,10
581,24,5,224,1589,2,2187,5
582,24,6,223,1583,1,2194,7
583,24,7,221,1576,2,2203,9
584,24,8,220,1570,1,2210,7
585,24,9,219,1564,1,2217,7
586,24,10,218,1559,1,2223,6
587,24,11,218,1554,0,2228,5
588,24,12,216,1552,2,2232,4
589,24,13,213,1548,3,2239,7
590,24,14,211,1542,2,2247,8
591,24,15,206,1541,5,2253,6
592,24,16,202,1539,4,2259,6
593,24,17,200,1537,2,2263,4
594,24,18,197,1533,3,2270,7
595,24,19,195,1527,2,2278,8
596,24,20,195,1523,0,2282,4
597,24,21,194,1514,1,2292,10
598,24,22,194,1507,0,2299,7
599,24,23,192,1498,2,2310,11
600,25,0,190,1499,2,2311,1
601,25,1,189,1494,1,2317,6
602,25,2,188,1490,1,2322,5
603,25,3,186,1483,2,2331,9
604,25,4,185,1479,1,2336,5
605,25,5,185,1468,0,2347,11
606,25,6,184,1458,1,2358,11
607,25,7,184,1452,0,2364,6
608,25,8,183,1445,1,2372,8
609,25,9,182,1440,1,2378,6
610,25,10,182,1438,0,2380,2
611,25,11,182,1427,0,2391,11
612,25,12,182,1423,0,2395,4
613,25,13,182,1417,0,2401,6
614,25,14,181,1412,1,2407,6
615,25,15,179,1410,2,2411,4
616,25,16,177,1410,2,2413,2
617,25,17,177,1408,0,2415,2
618,25,18,176,1402,1,2422,7
619,25,19,173,1398,3,2429,7
620,25,20,170,1391,3,2439,10
621,25,21,170,1385,0,2445,6
622,25,22,169,1379,1,2452,7
623,25,23,168,1375,1,2457,5
624,26,0,163,1374,5,2463,6
625,26,1,162,1369,1,2469,6
626,26,2,162,1363,0,2475,6
627,26,3,160,1360,2,2480,5
628,26,4,159,1356,1,2485,5
629,26,5,158,1350,1,2492,7
630,26,6,158,1340,0,2502,10
631,26,7,155,1336,3,2509,7
632,26,8,153,1334,2,2513,4
633,26,9,151,1330,2,2519,6
634,26,10,150,1328,1,2522,3
635,26,11,150,1321,0,2529,7
636,26,12,148,1319,2,2533,4
637,26,13,148,1314,0,2538,5
638,26,14,146,1310,2,2544,6
639,26,15,144,1304,2,2552,8
640,26,16,144,1300,0,2556,4
641,26,17,142,1296,2,2562,6
642,26,18,142,1285,0,2573,11
643,26,19,142,1277,0,2581,8
644,26,20,141,1272,1,2587,6
645,26,21,140,1269,1,2591,4
646,26,22,139,1269,1,2592,1
647,26,23,133,1269,6,2598,6
648,27,0,133,1266,0,2601,3
649,27,1,133,1259,0,2608,7
650,27,2,132,1253,1,2615,7
651,27,3,130,1252,2,2618,3
652,27,4,130,1243,0,2627,9
653,27,5,129,1240,1,2631,4
654,27,6,128,1235,1,2637,6
655,27,7,127,1231,1,2642,5
656,27,8,125,1230,2,2645,3
657,27,9,124,1225,1,2651,6
658,27,10,124,1221,0,2655,4
659,27,11,122,1216,2,2662,7
660,27,12,122,1214,0,2664,2
661,27,13,122,1206,0,2672,8
662,27,14,122,1201,0,2677,5
663,27,15,121,1199,1,2680,3
664,27,16,120,1197,1,2683,3
665,27,17,118,1195,2,2687,4
666,27,18,117,1191,1,2692,5
667,27,19,117,1188,0,2695,3
668,27,20,117,1182,0,2701,6
669,27,21,116,1178,1,2706,5
670,27,22,116,1174,0,2710,4
671,27,23,114,1170,2,2716,6
672,28,0,114,1166,0,2720,4
673,28,1,113,1159,1,2728,8
674,28,2,112,1157,1,2731,3
675,28,3,112,1154,0,2734,3
676,28,4,111,1143,1,2746,12
677,28,5,111,1141,0,2748,2
678,28,6,110,1138,1,2752,4
679,28,7,109,1132,1,2759,7
680,28,8,109,1131,0,2760,1
681,28,9,109,1124,0,2767,7
682,28,10,108,1121,1,2771,4
683,28,11,108,1114,0,2778,7
684,28,12,108,1111,0,2781,3
685,28,13,108,1102,0,2790,9
686,28,14,108,1097,0,2795,5
687,28,15,107,1094,1,2799,4
688,28,16,106,1094,1,2800,1
689,28,17,106,1087,0,2807,7
690,28,18,106,1083,0,2811,4
691,28,19,106,1081,0,2813,2
692,28,20,106,1077,0,2817,4
693,28,21,106,1071,0,2823,6
694,28,22,106,1068,0,2826,3
695,28,23,106,1061,0,2833,7
696,29,0,104,1061,2,2835,2
697,29,1,104,1056,0,2840,5
698,29,2,104,1052,0,2844,4
699,29,3,104,1049,0,2847,3
700,29,4,104,1044,0,2852,5
701,29,5,104,1040,0,2856,4
702,29,6,104,1038,0,2858,2
703,29,7,104,1032,0,2864,6
704,29,8,104,1029,0,2867,3
705,29,9,104,1026,0,2870,3
706,29,10,104,1022,0,2874,4
707,29,11,104,1021,0,2875,1
708,29,12,104,1018,0,2878,3
709,29,13,102,1018,2,2880,2
710,29,14,102,1013,0,2885,5
711,29,15,102,1010,0,2888,3
712,29,16,101,1008,1,2891,3
713,29,17,101,1006,0,2893,2
714,29,18,101,1003,0,2896,3
715,29,19,101,1000,0,2899,3
716,29,20,100,999,1,2901,2
717,29,21,100,996,0,2904,3
718,29,22,98,991,2,2911,7
719,29,23,98,989,0,2913,2
720,30,0,98,986,0,2916,3
721,30,1,97,980,1,2923,7
722,30,2,97,978,0,2925,2
723,30,3,96,972,1,2932,7
724,30,4,96,970,0,2934,2
725,30,5,96,968,0,2936,2
726,30,6,96,961,0,2943,7
727,30,7,96,960,0,2944,1
728,30,8,96,956,0,2948,4
729,30,9,96,955,0,2949,1
730,30,10,95,953,1,2952,3
731,30,11,95,945,0,2960,8
732,30,12,95,942,0,2963,3
733,30,13,93,939,2,2968,5
734,30,14,92,936,1,2972,4
735,30,15,92,931,0,2977,5
736,30,16,92,928,0,2980,3
737,30,17,91,927,1,2982,2
738,30,18,91,921,0,2988,6
739,30,19,91,917,0,2992,4
740,30,20,91,908,0,3001,9
741,30,21,91,906,0,3003,2
742,30,22,91,898,0,3011,8
743,30,23,91,891,0,3018,7
744,31,0,90,890,1,3020,2
745,31,1,90,889,0,3021,1
746,31,2,88,884,2,3028,7
747,31,3,88,880,0,3032,4
748,31,4,87,879,1,3034,2
749,31,5,86,876,1,3038,4
750,31,6,86,869,0,3045,7
751,31,7,85,867,1,3048,3
752,31,8,85,865,0,3050,2
753,31,9,85,863,0,3052,2
754,31,10,85,857,0,3058,6
755,31,11,85,855,0,3060,2
756,31,12,85,847,0,3068,8
757,31,13,85,846,0,3069,1
758,31,14,85,839,0,3076,7
759,31,15,84,835,1,3081,5
760,31,16,84,827,0,3089,8
761,31,17,84,823,0,3093,4
762,31,18,84,819,0,3097,4
763,31,19,84,815,0,3101,4
764,31,20,84,812,0,3104,3
765,31,21,84,810,0,3106,2
766,31,22,84,808,0,3108,2
767,31,23,84,805,0,3111,3
768,32,0,84,801,0,3115,4
769,32,1,84,797,0,3119,4
770,32,2,84,794,0,3122,3
771,32,3,84,792,0,3124,2
772,32,4,84,787,0,3129,5
773,32,5,84,784,0,3132,3
774,32,6,84,782,0,3134,2
775,32,7,83,780,1,3137,3
776,32,8,83,776,0,3141,4
777,32,9,83,773,0,3144,3
778,32,10,83,768,0,3149,5
779,32,11,82,765,1,3153,4
780,32,12,81,765,1,3154,1
781,32,13,81,762,0,3157,3
782,32,14,81,758,0,3161,4
783,32,15,80,757,1,3163,2
784,32,16,80,752,0,3168,5
785,32,17,80,749,0,3171,3
786,32,18,79,747,1,3174,3
787,32,19,79,744,0,3177,3
788,32,20,78,744,1,3178,1
789,32,21,78,744,0,3178,0
790,32,22,78,740,0,3182,4
791,32,23,77,739,1,3184,2
792,33,0,77,736,0,3187,3
793,33,1,77,735,0,3188,1
794,33,2,76,733,1,3191,3
795,33,3,76,731,0,3193,2
796,33,4,76,728,0,3196,3
797,33,5,76,723,0,3201,5
798,33,6,75,720,1,3205,4
799,33,7,75,719,0,3206,1
800,33,8,75,719,0,3206,0
801,33,9,75,715,0,3210,4
802,33,10,74,716,1,3210,0
803,33,11,74,714,0,3212,2
804,33,12,74,711,0,3215,3
805,33,13,74,706,0,3220,5
806,33,14,74,703,0,3223,3
807,33,15,74,697,0,3229,6
808,33,16,74,692,0,3234,5
809,33,17,74,690,0,3236,2
810,33,18,74,688,0,3238,2
811,33,19,74,688,0,3238,0
812,33,20,73,689,1,3238,0
813,33,21,73,683,0,3244,6
814,33,22,73,679,0,3248,4
815,33,23,72,679,1,3249,1
816,34,0,71,678,1,3251,2
817,34,1,71,673,0,3256,5
818,34,2,71,669,0,3260,4
819,34,3,71,668,0,3261,1
820,34,4,71,664,0,3265,4
821,34,5,71,663,0,3266,1
822,34,6,70,662,1,3268,2
823,34,7,70,661,0,3269,1
824,34,8,69,659,1,3272,3
825,34,9,69,658,0,3273,1
826,34,10,69,655,0,3276,3
827,34,11,69,653,0,3278,2
828,34,12,67,654,2,3279,1
829,34,13,67,652,0,3281,2
830,34,14,67,651,0,3282,1
831,34,15,67,648,0,3285,3
832,34,16,67,647,0,3286,1
833,34,17,67,647,0,3286,0
834,34,18,67,643,0,3290,4
835,34,19,67,640,0,3293,3
836,34,20,67,637,0,3296,3
837,34,21,67,634,0,3299,3
838,34,22,67,632,0,3301,2
839,34,23,67,629,0,3304,3
840,35,0,67,625,0,3308,4
841,35,1,66,619,1,3315,7
842,35,2,66,615,0,3319,4
843,35,3,66,615,0,3319,0
844,35,4,65,614,1,3321,2
845,35,5,65,612,0,3323,2
846,35,6,65,608,0,3327,4
847,35,7,65,606,0,3329,2
848,35,8,65,603,0,3332,3
849,35,9,65,601,0,3334,2
850,35,10,64,601,1,3335,1
851,35,11,63,601,1,3336,1
852,35,12,63,597,0,3340,4
853,35,13,63,596,0,3341,1
854,35,14,63,591,0,3346,5
855,35,15,63,588,0,3349,3
856,35,16,63,584,0,3353,4
857,35,17,63,582,0,3355,2
858,35,18,63,579,0,3358,3
859,35,19,63,576,0,3361,3
860,35,20,63,571,0,3366,5
861,35,21,63,570,0,3367,1
862,35,22,63,567,0,3370,3
863,35,23,63,562,0,3375,5
864,36,0,63,560,0,3377,2
865,36,1,63,557,0,3380,3
866,36,2,63,555,0,3382,2
867,36,3,62,552,1,3386,4
868,36,4,62,551,0,3387,1
869,36,5,62,549,0,3389,2
870,36,6,62,548,0,3390,1
871,36,7,62,545,0,3393,3
872,36,8,62,543,0,3395,2
873,36,9,62,539,0,3399,4
874,36,10,62,538,0,3400,1
875,36,11,61,535,1,3404,4
876,36,12,60,533,1,3407,3
877,36,13,60,532,0,3408,1
878,36,14,60,531,0,3409,1
879,36,15,59,532,1,3409,0
880,36,16,59,530,0,3411,2
881,36,17,58,528,1,3414,3
882,36,18,58,526,0,3416,2
883,36,19,58,524,0,3418,2
884,36,20,58,522,0,3420,2
885,36,21,58,518,0,3424,4
886,36,22,58,517,0,3425,1
887,36,23,58,514,0,3428,3
888,37,0,58,514,0,3428,0
889,37,1,58,514,0,3428,0
890,37,2,58,511,0,3431,3
891,37,3,58,508,0,3434,3
892,37,4,58,506,0,3436,2
893,37,5,58,501,0,3441,5
894,37,6,58,500,0,3442,1
895,37,7,58,497,0,3445,3
896,37,8,58,495,0,3447,2
897,37,9,58,493,0,3449,2
898,37,10,58,489,0,3453,4
899,37,11,58,488,0,3454,1
900,37,12,57,488,1,3455,1
901,37,13,56,484,1,3460,5
902,37,14,56,482,0,3462,2
903,37,15,56,481,0,3463,1
904,37,16,56,480,0,3464,1
905,37,17,56,478,0,3466,2
906,37,18,56,478,0,3466,0
907,37,19,56,476,0,3468,2
908,37,20,56,472,0,3472,4
909,37,21,56,471,0,3473,1
910,37,22,56,468,0,3476,3
911,37,23,56,467,0,3477,1
912,38,0,55,468,1,3477,0
913,38,1,55,466,0,3479,2
914,38,2,55,465,0,3480,1
915,38,3,55,463,0,3482,2
916,38,4,55,458,0,3487,5
917,38,5,55,457,0,3488,1
918,38,6,55,455,0,3490,2
919,38,7,55,452,0,3493,3
920,38,8,55,450,0,3495,2
921,38,9,55,450,0,3495,0
922,38,10,55,448,0,3497,2
923,38,11,55,445,0,3500,3
924,38,12,55,445,0,3500,0
925,38,13,55,443,0,3502,2
926,38,14,55,439,0,3506,4
927,38,15,54,439,1,3507,1
928,38,16,54,439,0,3507,0
929,38,17,54,438,0,3508,1
930,38,18,53,437,1,3510,2
931,38,19,52,438,1,3510,0
932,38,20,52,437,0,3511,1
933,38,21,52,434,0,3514,3
934,38,22,51,433,1,3516,2
935,38,23,51,433,0,3516,0
936,39,0,51,429,0,3520,4
937,39,1,50,428,1,3522,2
938,39,2,50,428,0,3522,0
939,39,3,50,426,0,3524,2
940,39,4,50,426,0,3524,0
941,39,5,50,426,0,3524,0
942,39,6,50,426,0,3524,0
943,39,7,50,423,0,3527,3
944,39,8,50,421,0,3529,2
945,39,9,50,421,0,3529,0
946,39,10,50,420,0,3530,1
947,39,11,50,417,0,3533,3
948,39,12,50,415,0,3535,2
949,39,13,50,413,0,3537,2
950,39,14,50,409,0,3541,4
951,39,15,50,406,0,3544,3
952,39,16,50,405,0,3545,1
953,39,17,50,403,0,3547,2
954,39,18,50,400,0,3550,3
955,39,19,50,397,0,3553,3
956,39,20,50,396,0,3554,1
957,39,21,50,394,0,3556,2
958,39,22,49,395,1,3556,0
959,39,23,49,394,0,3557,1
960,40,0,49,393,0,3558,1
961,40,1,49,390,0,3561,3
962,40,2,49,389,0,3562,1
963,40,3,48,390,1,3562,0
964,40,4,48,389,0,3563,1
965,40,5,48,385,0,3567,4
966,40,6,48,381,0,3571,4
967,40,7,46,382,2,3572,1
968,40,8,46,381,0,3573,1
969,40,9,46,378,0,3576,3
970,40,10,46,377,0,3577,1
971,40,11,46,376,0,3578,1
972,40,12,46,375,0,3579,1
973,40,13,45,375,1,3580,1
974,40,14,45,374,0,3581,1
975,40,15,45,372,0,3583,2
976,40,16,45,371,0,3584,1
977,40,17,45,370,0,3585,1
978,40,18,45,368,0,3587,2
979,40,19,44,367,1,3589,2
980,40,20,44,366,0,3590,1
981,40,21,44,365,0,3591,1
982,40,22,43,366,1,3591,0
983,40,23,43,365,0,3592,1
984,41,0,43,364,0,3593,1
985,41,1,43,360,0,3597,4
986,41,2,43,358,0,3599,2
987,41,3,43,356,0,3601,2
988,41,4,43,354,0,3603,2
989,41,5,41,355,2,3604,1
990,41,6,41,354,0,3605,1
991,41,7,41,354,0,3605,0
992,41,8,41,352,0,3607,2
993,41,9,41,351,0,3608,1
994,41,10,41,351,0,3608,0
995,41,11,41,350,0,3609,1
996,41,12,41,348,0,3611,2
997,41,13,41,346,0,3613,2
998,41,14,41,345,0,3614,1
999,41,15,41,344,0,3615,1
1000,41,16,41,343,0,3616,1
1001,41,17,41,343,0,3616,0
1002,41,18,41,342,0,3617,1
1003,41,19,41,340,0,3619,2
1004,41,20,41,339,0,3620,1
1005,41,21,41,335,0,3624,4
1006,41,22,41,334,0,3625,1
1007,41,23,41,333,0,3626,1
1008,42,0,41,330,0,3629,3
1009,42,1,41,328,0,3631,2
1010,42,2,41,327,0,3632,1
1011,42,3,41,327,0,3632,0
1012,42,4,41,325,0,3634,2
1013,42,5,41,325,0,3634,0
1014,42,6,41,324,0,3635,1
1015,42,7,41,322,0,3637,2
1016,42,8,41,321,0,3638,1
1017,42,9,41,321,0,3638,0
1018,42,10,41,319,0,3640,2
1019,42,11,41,318,0,3641,1
1020,42,12,41,316,0,3643,2
1021,42,13,41,314,0,3645,2
1022,42,14,41,313,0,3646,1
1023,42,15,41,311,0,3648,2
1024,42,16,41,307,0,3652,4
1025,42,17,41,307,0,3652,0
1026,42,18,41,305,0,3654,2
1027,42,19,41,304,0,3655,1
1028,42,20,41,302,0,3657,2
1029,42,21,41,301,0,3658,1
1030,42,22,41,300,0,3659,1
1031,42,23,41,298,0,3661,2
1032,43,0,41,297,0,3662,1
1033,43,1,41,297,0,3662,0
1034,43,2,41,295,0,3664,2
1035,43,3,41,294,0,3665,1
1036,43,4,41,293,0,3666,1
1037,43,5,41,291,0,3668,2
1038,43,6,40,291,1,3669,1
1039,43,7,40,291,0,3669,0
1040,43,8,40,290,0,3670,1
1041,43,9,40,288,0,3672,2
1042,43,10,40,287,0,3673,1
1043,43,11,40,285,0,3675,2
1044,43,12,40,285,0,3675,0
1045,43,13,40,284,0,3676,1
1046,43,14,40,283,0,3677,1
1047,43,15,40,282,0,3678,1
1048,43,16,40,281,0,3679,1
1049,43,17,40,277,0,3683,4
1050,43,18,40,276,0,3684,1
1051,43,19,40,276,0,3684,0
1052,43,20,40,275,0,3685,1
1053,43,21,40,274,0,3686,1
1054,43,22,40,273,0,3687,1
1055,43,23,40,272,0,3688,1
1056,44,0,40,270,0,3690,2
1057,44,1,40,268,0,3692,2
1058,44,2,40,267,0,3693,1
1059,44,3,40,267,0,3693,0
1060,44,4,40,266,0,3694,1
1061,44,5,40,264,0,3696,2
1062,44,6,40,264,0,3696,0
1063,44,7,40,262,0,3698,2
1064,44,8,40,261,0,3699,1
1065,44,9,40,260,0,3700,1
1066,44,10,40,260,0,3700,0
1067,44,11,40,256,0,3704,4
1068,44,12,40,256,0,3704,0
1069,44,13,40,255,0,3705,1
1070,44,14,40,252,0,3708,3
1071,44,15,40,252,0,3708,0
1072,44,16,40,249,0,3711,3
1073,44,17,40,249,0,3711,0
1074,44,18,40,248,0,3712,1
1075,44,19,40,246,0,3714,2
1076,44,20,40,246,0,3714,0
1077,44,21,40,245,0,3715,1
1078,44,22,40,244,0,3716,1
1079,44,23,40,244,0,3716,0
1080,45,0,40,244,0,3716,0
1081,45,1,40,243,0,3717,1
1082,45,2,40,242,0,3718,1
1083,45,3,40,242,0,3718,0
1084,45,4,40,241,0,3719,1
1085,45,5,40,240,0,3720,1
1086,45,6,40,240,0,3720,0
1087,45,7,40,238,0,3722,2
1088,45,8,40,235,0,3725,3
1089,45,9,40,234,0,3726,1
1090,45,10,40,234,0,3726,0
1091,45,11,40,233,0,3727,1
1092,45,12,40,228,0,3732,5
1093,45,13,40,225,0,3735,3
1094,45,14,40,224,0,3736,1
1095,45,15,40,221,0,3739,3
1096,45,16,40,220,0,3740,1
1097,45,17,39,220,1,3741,1
1098,45,18,38,220,1,3742,1
1099,45,19,37,219,1,3744,2
1100,45,20,37,218,0,3745,1
1101,45,21,37,217,0,3746,1
1102,45,22,37,216,0,3747,1
1103,45,23,37,214,0,3749,2
1104,46,0,37,214,0,3749,0
1105,46,1,37,213,0,3750,1
1106,46,2,37,212,0,3751,1
1107,46,3,37,212,0,3751,0
1108,46,4,37,212,0,3751,0
1109,46,5,37,211,0,3752,1
1110,46,6,37,211,0,3752,0
1111,46,7,37,210,0,3753,1
1112,46,8,37,210,0,3753,0
1113,46,9,37,210,0,3753,0
1114,46,10,37,210,0,3753,0
1115,46,11,37,209,0,3754,1
1116,46,12,37,208,0,3755,1
1117,46,13,36,206,1,3758,3
1118,46,14,36,206,0,3758,0
1119,46,15,36,204,0,3760,2
1120,46,16,36,202,0,3762,2
1121,46,17,36,202,0,3762,0
1122,46,18,36,200,0,3764,2
1123,46,19,36,198,0,3766,2
1124,46,20,36,198,0,3766,0
1125,46,21,36,196,0,3768,2
1126,46,22,36,195,0,3769,1
1127,46,23,36,195,0,3769,0
1128,47,0,36,194,0,3770,1
1129,47,1,36,194,0,3770,0
1130,47,2,36,192,0,3772,2
1131,47,3,36,191,0,3773,1
1132,47,4,36,191,0,3773,0
1133,47,5,36,189,0,3775,2
1134,47,6,36,186,0,3778,3
1135,47,7,36,186,0,3778,0
1136,47,8,36,185,0,3779,1
1137,47,9,36,184,0,3780,1
1138,47,10,36,184,0,3780,0
1139,47,11,36,184,0,3780,0
1140,47,12,36,183,0,3781,1
1141,47,13,36,182,0,3782,1
1142,47,14,36,182,0,3782,0
1143,47,15,36,181,0,3783,1
1144,47,16,36,181,0,3783,0
1145,47,17,36,179,0,3785,2
1146,47,18,36,179,0,3785,0
1147,47,19,36,175,0,3789,4
1148,47,20,36,174,0,3790,1
1149,47,21,36,174,0,3790,0
1150,47,22,36,173,0,3791,1
1151,47,23,36,171,0,3793,2
1152,48,0,36,171,0,3793,0
1153,48,1,36,170,0,3794,1
1154,48,2,36,169,0,3795,1
1155,48,3,36,168,0,3796,1
1156,48,4,36,167,0,3797,1
1157,48,5,36,165,0,3799,2
1158,48,6,36,165,0,3799,0
1159,48,7,36,164,0,3800,1
1160,48,8,36,164,0,3800,0
1161,48,9,36,163,0,3801,1
1162,48,10,36,162,0,3802,1
1163,48,11,36,161,0,3803,1
1164,48,12,36,161,0,3803,0
1165,48,13,36,160,0,3804,1
1166,48,14,36,159,0,3805,1
1167,48,15,36,158,0,3806,1
1168,48,16,36,157,0,3807,1
1169,48,17,36,156,0,3808,1
1170,48,18,36,155,0,3809,1
1171,48,19,35,155,1,3810,1
1172,48,20,35,155,0,3810,0
1173,48,21,35,155,0,3810,0
1174,48,22,35,153,0,3812,2
1175,48,23,35,152,0,3813,1
1176,49,0,35,151,0,3814,1
1177,49,1,35,151,0,3814,0
1178,49,2,35,149,0,3816,2
1179,49,3,35,148,0,3817,1
1180,49,4,35,146,0,3819,2
1181,49,5,35,145,0,3820,1
1182,49,6,35,144,0,3821,1
1183,49,7,35,144,0,3821,0
1184,49,8,35,143,0,3822,1
1185,49,9,35,142,0,3823,1
1186,49,10,35,141,0,3824,1
1187,49,11,35,140,0,3825,1
1188,49,12,35,139,0,3826,1
1189,49,13,35,138,0,3827,1
1190,49,14,35,137,0,3828,1
1191,49,15,35,137,0,3828,0
1192,49,16,35,136,0,3829,1
1193,49,17,35,133,0,3832,3
1194,49,18,35,132,0,3833,1
1195,49,19,35,130,0,3835,2
1196,49,20,35,130,0,3835,0
1197,49,21,35,129,0,3836,1
1198,49,22,35,129,0,3836,0
1199,49,23,35,129,0,3836,0
1200,50,0,34,130,1,3836,0
